year,county,fips,yield_bu_acre
2000,Adair,19001,131.8
2001,Adair,19001,127.3
2002,Adair,19001,154.3
2003,Adair,19001,131.3
2004,Adair,19001,182.1
2005,Adair,19001,159.0
2006,Adair,19001,164.9
2007,Adair,19001,160.7
2008,Adair,19001,169.0
2009,Adair,19001,179.3
2010,Adair,19001,139.1
2011,Adair,19001,152.8
2012,Adair,19001,104.4
2013,Adair,19001,137.8
2014,Adair,19001,169.3
2015,Adair,19001,176.5
2016,Adair,19001,190.3
2017,Adair,19001,175.2
2018,Adair,19001,149.5
2019,Adair,19001,176.5
2020,Adair,19001,168.7
2022,Adair,19001,164.2
2024,Adair,19001,211.2
2025,Adair,19001,187.0
2000,Adams,19003,140.0
2001,Adams,19003,120.3
2002,Adams,19003,132.3
2003,Adams,19003,122.2
2004,Adams,19003,169.3
2005,Adams,19003,157.1
2006,Adams,19003,145.4
2007,Adams,19003,153.4
2008,Adams,19003,156.0
2009,Adams,19003,168.1
2010,Adams,19003,139.3
2011,Adams,19003,151.7
2012,Adams,19003,109.8
2013,Adams,19003,147.6
2014,Adams,19003,169.9
2015,Adams,19003,169.6
2016,Adams,19003,187.4
2017,Adams,19003,179.9
2018,Adams,19003,171.6
2020,Adams,19003,173.3
2000,Allamakee,19005,146.6
2001,Allamakee,19005,150.3
2002,Allamakee,19005,158.7
2003,Allamakee,19005,142.7
2004,Allamakee,19005,163.3
2005,Allamakee,19005,177.4
2006,Allamakee,19005,166.2
2007,Allamakee,19005,167.1
2008,Allamakee,19005,170.0
2009,Allamakee,19005,179.6
2010,Allamakee,19005,175.8
2011,Allamakee,19005,173.3
2012,Allamakee,19005,153.6
2013,Allamakee,19005,162.1
2014,Allamakee,19005,175.6
2015,Allamakee,19005,175.4
2016,Allamakee,19005,205.1
2017,Allamakee,19005,190.5
2018,Allamakee,19005,198.4
2019,Allamakee,19005,187.2
2020,Allamakee,19005,196.3
2021,Allamakee,19005,198.5
2022,Allamakee,19005,215.9
2023,Allamakee,19005,183.9
2024,Allamakee,19005,216.3
2025,Allamakee,19005,211.1
2000,Appanoose,19007,147.7
2001,Appanoose,19007,110.1
2002,Appanoose,19007,129.4
2003,Appanoose,19007,125.7
2004,Appanoose,19007,171.9
2005,Appanoose,19007,150.0
2006,Appanoose,19007,157.7
2007,Appanoose,19007,152.0
2008,Appanoose,19007,118.0
2009,Appanoose,19007,153.0
2010,Appanoose,19007,75.2
2011,Appanoose,19007,120.1
2012,Appanoose,19007,44.5
2013,Appanoose,19007,109.1
2014,Appanoose,19007,170.9
2015,Appanoose,19007,154.3
2016,Appanoose,19007,186.3
2017,Appanoose,19007,170.0
2019,Appanoose,19007,166.8
2020,Appanoose,19007,143.6
2021,Appanoose,19007,171.6
2022,Appanoose,19007,146.1
2023,Appanoose,19007,172.8
2000,Audubon,19009,136.2
2001,Audubon,19009,129.1
2002,Audubon,19009,151.5
2003,Audubon,19009,137.4
2004,Audubon,19009,179.6
2005,Audubon,19009,172.1
2006,Audubon,19009,173.9
2007,Audubon,19009,160.7
2008,Audubon,19009,181.0
2009,Audubon,19009,190.4
2010,Audubon,19009,160.3
2011,Audubon,19009,176.6
2012,Audubon,19009,114.8
2013,Audubon,19009,157.1
2014,Audubon,19009,185.5
2015,Audubon,19009,189.8
2016,Audubon,19009,206.1
2017,Audubon,19009,211.2
2018,Audubon,19009,180.0
2019,Audubon,19009,216.0
2020,Audubon,19009,170.8
2021,Audubon,19009,216.0
2022,Audubon,19009,197.9
2023,Audubon,19009,197.6
2024,Audubon,19009,224.2
2025,Audubon,19009,224.7
2000,Benton,19011,148.7
2001,Benton,19011,160.2
2002,Benton,19011,177.8
2003,Benton,19011,168.0
2004,Benton,19011,171.8
2005,Benton,19011,170.0
2006,Benton,19011,171.4
2007,Benton,19011,180.2
2008,Benton,19011,179.0
2009,Benton,19011,184.7
2010,Benton,19011,179.0
2011,Benton,19011,157.2
2012,Benton,19011,129.3
2013,Benton,19011,163.7
2014,Benton,19011,185.4
2015,Benton,19011,187.5
2016,Benton,19011,199.9
2017,Benton,19011,215.3
2018,Benton,19011,214.6
2019,Benton,19011,197.6
2020,Benton,19011,144.8
2021,Benton,19011,211.7
2022,Benton,19011,221.7
2023,Benton,19011,199.7
2024,Benton,19011,238.6
2000,Black Hawk,19013,144.0
2001,Black Hawk,19013,162.7
2002,Black Hawk,19013,176.7
2003,Black Hawk,19013,151.3
2004,Black Hawk,19013,178.1
2005,Black Hawk,19013,180.7
2006,Black Hawk,19013,185.5
2007,Black Hawk,19013,176.7
2008,Black Hawk,19013,165.0
2009,Black Hawk,19013,173.2
2010,Black Hawk,19013,170.4
2011,Black Hawk,19013,186.1
2012,Black Hawk,19013,126.4
2013,Black Hawk,19013,166.1
2014,Black Hawk,19013,165.2
2015,Black Hawk,19013,192.9
2016,Black Hawk,19013,206.4
2017,Black Hawk,19013,209.2
2018,Black Hawk,19013,206.2
2019,Black Hawk,19013,205.1
2020,Black Hawk,19013,169.8
2021,Black Hawk,19013,193.6
2022,Black Hawk,19013,202.4
2024,Black Hawk,19013,205.9
2025,Black Hawk,19013,207.2
2000,Boone,19015,154.5
2001,Boone,19015,154.0
2002,Boone,19015,171.0
2003,Boone,19015,170.4
2004,Boone,19015,192.2
2005,Boone,19015,192.4
2006,Boone,19015,172.7
2007,Boone,19015,182.2
2008,Boone,19015,166.0
2009,Boone,19015,183.4
2010,Boone,19015,162.5
2011,Boone,19015,182.5
2012,Boone,19015,147.1
2013,Boone,19015,154.2
2014,Boone,19015,180.9
2015,Boone,19015,192.3
2016,Boone,19015,208.4
2017,Boone,19015,192.4
2018,Boone,19015,193.7
2019,Boone,19015,194.8
2020,Boone,19015,160.7
2021,Boone,19015,208.4
2022,Boone,19015,202.4
2023,Boone,19015,226.5
2024,Boone,19015,217.6
2025,Boone,19015,209.9
2000,Bremer,19017,151.3
2001,Bremer,19017,161.0
2002,Bremer,19017,184.1
2003,Bremer,19017,152.7
2004,Bremer,19017,184.5
2005,Bremer,19017,193.0
2006,Bremer,19017,183.1
2007,Bremer,19017,181.4
2008,Bremer,19017,161.0
2009,Bremer,19017,188.9
2010,Bremer,19017,174.6
2011,Bremer,19017,196.5
2012,Bremer,19017,133.3
2013,Bremer,19017,175.1
2014,Bremer,19017,159.0
2015,Bremer,19017,203.1
2016,Bremer,19017,210.6
2017,Bremer,19017,212.7
2018,Bremer,19017,212.4
2019,Bremer,19017,212.5
2020,Bremer,19017,187.6
2021,Bremer,19017,200.1
2022,Bremer,19017,210.8
2023,Bremer,19017,199.9
2024,Bremer,19017,205.9
2025,Bremer,19017,213.1
2000,Buchanan,19019,140.6
2001,Buchanan,19019,166.6
2002,Buchanan,19019,183.1
2003,Buchanan,19019,159.4
2004,Buchanan,19019,163.0
2005,Buchanan,19019,178.7
2006,Buchanan,19019,180.8
2007,Buchanan,19019,173.9
2008,Buchanan,19019,167.0
2009,Buchanan,19019,170.5
2010,Buchanan,19019,167.5
2011,Buchanan,19019,187.0
2012,Buchanan,19019,140.4
2013,Buchanan,19019,168.8
2014,Buchanan,19019,169.3
2015,Buchanan,19019,191.6
2016,Buchanan,19019,205.6
2017,Buchanan,19019,221.3
2018,Buchanan,19019,207.1
2019,Buchanan,19019,218.9
2020,Buchanan,19019,188.3
2021,Buchanan,19019,209.0
2022,Buchanan,19019,209.7
2023,Buchanan,19019,190.7
2024,Buchanan,19019,220.8
2025,Buchanan,19019,208.9
2000,Buena Vista,19021,135.7
2001,Buena Vista,19021,144.4
2002,Buena Vista,19021,159.2
2003,Buena Vista,19021,160.0
2004,Buena Vista,19021,192.5
2005,Buena Vista,19021,185.3
2006,Buena Vista,19021,143.3
2007,Buena Vista,19021,163.0
2008,Buena Vista,19021,179.0
2009,Buena Vista,19021,190.7
2010,Buena Vista,19021,178.3
2011,Buena Vista,19021,180.2
2012,Buena Vista,19021,148.2
2013,Buena Vista,19021,160.5
2014,Buena Vista,19021,172.1
2015,Buena Vista,19021,202.7
2016,Buena Vista,19021,201.1
2017,Buena Vista,19021,187.9
2018,Buena Vista,19021,193.1
2019,Buena Vista,19021,190.8
2020,Buena Vista,19021,183.9
2021,Buena Vista,19021,203.9
2022,Buena Vista,19021,196.9
2023,Buena Vista,19021,212.0
2025,Buena Vista,19021,210.0
2000,Butler,19023,140.9
2001,Butler,19023,157.9
2002,Butler,19023,175.1
2003,Butler,19023,160.1
2004,Butler,19023,187.9
2005,Butler,19023,185.6
2006,Butler,19023,176.6
2007,Butler,19023,176.2
2008,Butler,19023,175.0
2009,Butler,19023,181.8
2010,Butler,19023,180.5
2011,Butler,19023,186.7
2012,Butler,19023,122.0
2013,Butler,19023,179.2
2014,Butler,19023,167.7
2015,Butler,19023,193.3
2016,Butler,19023,207.3
2017,Butler,19023,211.4
2018,Butler,19023,211.3
2019,Butler,19023,209.5
2020,Butler,19023,192.8
2021,Butler,19023,204.5
2022,Butler,19023,212.4
2023,Butler,19023,183.1
2024,Butler,19023,209.8
2025,Butler,19023,210.8
2000,Calhoun,19025,149.5
2001,Calhoun,19025,144.2
2002,Calhoun,19025,166.8
2003,Calhoun,19025,160.0
2004,Calhoun,19025,184.2
2005,Calhoun,19025,182.5
2006,Calhoun,19025,165.5
2007,Calhoun,19025,180.2
2008,Calhoun,19025,178.0
2009,Calhoun,19025,168.3
2010,Calhoun,19025,173.3
2011,Calhoun,19025,181.9
2012,Calhoun,19025,134.8
2013,Calhoun,19025,132.6
2014,Calhoun,19025,189.6
2015,Calhoun,19025,194.7
2016,Calhoun,19025,207.3
2017,Calhoun,19025,195.1
2018,Calhoun,19025,193.3
2019,Calhoun,19025,198.8
2020,Calhoun,19025,159.6
2021,Calhoun,19025,217.8
2022,Calhoun,19025,202.3
2023,Calhoun,19025,201.6
2024,Calhoun,19025,228.8
2025,Calhoun,19025,214.6
2000,Carroll,19027,136.4
2001,Carroll,19027,142.7
2002,Carroll,19027,159.2
2003,Carroll,19027,161.8
2004,Carroll,19027,193.5
2005,Carroll,19027,177.0
2006,Carroll,19027,162.5
2007,Carroll,19027,169.3
2008,Carroll,19027,179.0
2009,Carroll,19027,200.1
2010,Carroll,19027,182.0
2011,Carroll,19027,180.2
2012,Carroll,19027,105.3
2013,Carroll,19027,136.5
2014,Carroll,19027,188.6
2015,Carroll,19027,195.4
2016,Carroll,19027,203.1
2017,Carroll,19027,211.3
2018,Carroll,19027,208.4
2019,Carroll,19027,219.7
2020,Carroll,19027,150.6
2021,Carroll,19027,218.3
2022,Carroll,19027,195.7
2023,Carroll,19027,196.7
2024,Carroll,19027,240.9
2000,Cass,19029,132.2
2001,Cass,19029,126.7
2002,Cass,19029,135.0
2003,Cass,19029,133.2
2004,Cass,19029,192.3
2005,Cass,19029,168.2
2006,Cass,19029,170.8
2007,Cass,19029,157.5
2008,Cass,19029,174.0
2009,Cass,19029,182.4
2010,Cass,19029,155.1
2011,Cass,19029,175.2
2012,Cass,19029,120.4
2013,Cass,19029,159.5
2014,Cass,19029,173.7
2015,Cass,19029,193.7
2016,Cass,19029,195.9
2017,Cass,19029,197.4
2018,Cass,19029,169.5
2019,Cass,19029,200.3
2020,Cass,19029,177.5
2021,Cass,19029,212.4
2022,Cass,19029,179.2
2024,Cass,19029,217.0
2025,Cass,19029,188.4
2000,Cedar,19031,147.1
2001,Cedar,19031,172.7
2002,Cedar,19031,187.0
2003,Cedar,19031,180.1
2004,Cedar,19031,188.8
2005,Cedar,19031,144.4
2006,Cedar,19031,181.6
2007,Cedar,19031,184.2
2008,Cedar,19031,180.0
2009,Cedar,19031,191.5
2010,Cedar,19031,174.4
2011,Cedar,19031,184.9
2012,Cedar,19031,158.9
2013,Cedar,19031,169.7
2014,Cedar,19031,184.1
2015,Cedar,19031,188.8
2016,Cedar,19031,215.3
2017,Cedar,19031,222.3
2018,Cedar,19031,222.3
2019,Cedar,19031,193.7
2020,Cedar,19031,153.3
2021,Cedar,19031,207.1
2022,Cedar,19031,221.4
2023,Cedar,19031,205.7
2024,Cedar,19031,236.2
2025,Cedar,19031,215.0
2000,Cerro Gordo,19033,149.4
2001,Cerro Gordo,19033,146.8
2002,Cerro Gordo,19033,168.5
2003,Cerro Gordo,19033,161.5
2004,Cerro Gordo,19033,168.2
2005,Cerro Gordo,19033,184.0
2006,Cerro Gordo,19033,169.1
2007,Cerro Gordo,19033,173.2
2008,Cerro Gordo,19033,166.0
2009,Cerro Gordo,19033,169.8
2010,Cerro Gordo,19033,173.0
2011,Cerro Gordo,19033,169.3
2012,Cerro Gordo,19033,124.8
2013,Cerro Gordo,19033,163.1
2014,Cerro Gordo,19033,168.3
2015,Cerro Gordo,19033,196.9
2016,Cerro Gordo,19033,193.6
2017,Cerro Gordo,19033,208.9
2018,Cerro Gordo,19033,184.4
2019,Cerro Gordo,19033,191.8
2020,Cerro Gordo,19033,182.5
2021,Cerro Gordo,19033,200.0
2022,Cerro Gordo,19033,216.9
2024,Cerro Gordo,19033,199.7
2025,Cerro Gordo,19033,196.3
2000,Cherokee,19035,119.9
2001,Cherokee,19035,150.0
2002,Cherokee,19035,161.9
2003,Cherokee,19035,165.2
2004,Cherokee,19035,187.1
2005,Cherokee,19035,185.5
2006,Cherokee,19035,144.4
2007,Cherokee,19035,166.5
2008,Cherokee,19035,196.0
2009,Cherokee,19035,201.9
2010,Cherokee,19035,186.9
2011,Cherokee,19035,176.7
2012,Cherokee,19035,158.7
2013,Cherokee,19035,185.1
2014,Cherokee,19035,183.6
2015,Cherokee,19035,209.6
2016,Cherokee,19035,219.7
2017,Cherokee,19035,203.7
2018,Cherokee,19035,213.3
2019,Cherokee,19035,208.9
2020,Cherokee,19035,185.7
2022,Cherokee,19035,198.7
2023,Cherokee,19035,211.7
2024,Cherokee,19035,207.1
2025,Cherokee,19035,225.4
2000,Chickasaw,19037,144.4
2001,Chickasaw,19037,140.3
2002,Chickasaw,19037,172.6
2003,Chickasaw,19037,146.6
2004,Chickasaw,19037,175.0
2005,Chickasaw,19037,187.2
2006,Chickasaw,19037,174.6
2007,Chickasaw,19037,168.8
2008,Chickasaw,19037,159.0
2009,Chickasaw,19037,169.3
2010,Chickasaw,19037,182.0
2011,Chickasaw,19037,188.8
2012,Chickasaw,19037,125.8
2013,Chickasaw,19037,171.8
2014,Chickasaw,19037,157.6
2015,Chickasaw,19037,202.8
2016,Chickasaw,19037,206.6
2017,Chickasaw,19037,194.4
2018,Chickasaw,19037,192.9
2019,Chickasaw,19037,212.1
2020,Chickasaw,19037,185.7
2021,Chickasaw,19037,208.2
2022,Chickasaw,19037,214.6
2023,Chickasaw,19037,198.9
2024,Chickasaw,19037,206.5
2025,Chickasaw,19037,219.6
2000,Clarke,19039,127.8
2001,Clarke,19039,123.7
2002,Clarke,19039,131.5
2003,Clarke,19039,114.2
2004,Clarke,19039,157.1
2005,Clarke,19039,146.3
2006,Clarke,19039,147.0
2007,Clarke,19039,151.3
2008,Clarke,19039,109.0
2009,Clarke,19039,138.9
2010,Clarke,19039,84.5
2011,Clarke,19039,107.7
2012,Clarke,19039,76.7
2013,Clarke,19039,126.5
2014,Clarke,19039,162.2
2015,Clarke,19039,152.4
2016,Clarke,19039,163.9
2018,Clarke,19039,161.8
2020,Clarke,19039,155.2
2024,Clarke,19039,183.9
2000,Clay,19041,153.1
2001,Clay,19041,136.7
2002,Clay,19041,143.6
2003,Clay,19041,160.1
2004,Clay,19041,183.4
2005,Clay,19041,183.1
2006,Clay,19041,159.6
2007,Clay,19041,163.6
2008,Clay,19041,175.0
2009,Clay,19041,184.2
2010,Clay,19041,177.6
2011,Clay,19041,185.4
2012,Clay,19041,170.1
2013,Clay,19041,167.2
2014,Clay,19041,166.3
2015,Clay,19041,202.8
2016,Clay,19041,202.0
2017,Clay,19041,197.3
2018,Clay,19041,158.5
2019,Clay,19041,185.5
2020,Clay,19041,168.1
2021,Clay,19041,203.3
2022,Clay,19041,191.4
2023,Clay,19041,203.9
2024,Clay,19041,176.1
2025,Clay,19041,212.1
2000,Clayton,19043,147.2
2001,Clayton,19043,152.5
2002,Clayton,19043,172.5
2003,Clayton,19043,160.6
2004,Clayton,19043,176.3
2005,Clayton,19043,180.9
2006,Clayton,19043,173.2
2007,Clayton,19043,173.6
2008,Clayton,19043,171.0
2009,Clayton,19043,172.1
2010,Clayton,19043,176.9
2011,Clayton,19043,186.8
2012,Clayton,19043,152.9
2013,Clayton,19043,181.2
2014,Clayton,19043,176.7
2015,Clayton,19043,193.2
2016,Clayton,19043,210.3
2017,Clayton,19043,213.6
2018,Clayton,19043,201.5
2019,Clayton,19043,197.5
2020,Clayton,19043,191.1
2021,Clayton,19043,195.3
2022,Clayton,19043,215.4
2023,Clayton,19043,201.1
2024,Clayton,19043,220.2
2025,Clayton,19043,224.0
2000,Clinton,19045,147.1
2001,Clinton,19045,168.1
2002,Clinton,19045,176.9
2003,Clinton,19045,172.8
2004,Clinton,19045,173.1
2005,Clinton,19045,116.8
2006,Clinton,19045,173.8
2007,Clinton,19045,182.7
2008,Clinton,19045,181.0
2009,Clinton,19045,190.4
2010,Clinton,19045,171.2
2011,Clinton,19045,180.0
2012,Clinton,19045,139.6
2013,Clinton,19045,185.6
2014,Clinton,19045,197.0
2015,Clinton,19045,188.2
2016,Clinton,19045,213.8
2017,Clinton,19045,213.3
2018,Clinton,19045,210.9
2019,Clinton,19045,196.1
2020,Clinton,19045,178.4
2021,Clinton,19045,206.5
2022,Clinton,19045,225.2
2023,Clinton,19045,198.0
2024,Clinton,19045,235.9
2025,Clinton,19045,220.9
2000,Crawford,19047,131.1
2001,Crawford,19047,137.6
2002,Crawford,19047,161.3
2003,Crawford,19047,152.0
2004,Crawford,19047,175.6
2005,Crawford,19047,179.2
2006,Crawford,19047,138.7
2007,Crawford,19047,165.5
2008,Crawford,19047,191.0
2009,Crawford,19047,199.6
2010,Crawford,19047,185.8
2011,Crawford,19047,181.8
2012,Crawford,19047,131.3
2013,Crawford,19047,157.8
2014,Crawford,19047,183.0
2015,Crawford,19047,199.1
2016,Crawford,19047,213.5
2017,Crawford,19047,221.9
2018,Crawford,19047,214.0
2019,Crawford,19047,234.7
2020,Crawford,19047,181.2
2021,Crawford,19047,218.5
2022,Crawford,19047,216.4
2023,Crawford,19047,187.9
2024,Crawford,19047,214.2
2025,Crawford,19047,224.9
2000,Dallas,19049,144.3
2001,Dallas,19049,135.6
2002,Dallas,19049,154.2
2003,Dallas,19049,147.6
2004,Dallas,19049,189.6
2005,Dallas,19049,181.7
2006,Dallas,19049,164.3
2007,Dallas,19049,167.5
2008,Dallas,19049,171.0
2009,Dallas,19049,183.7
2010,Dallas,19049,141.9
2011,Dallas,19049,172.1
2012,Dallas,19049,129.0
2013,Dallas,19049,145.3
2014,Dallas,19049,195.5
2015,Dallas,19049,182.4
2016,Dallas,19049,204.0
2017,Dallas,19049,187.2
2018,Dallas,19049,174.0
2019,Dallas,19049,195.0
2020,Dallas,19049,139.7
2021,Dallas,19049,209.9
2022,Dallas,19049,187.2
2023,Dallas,19049,210.9
2025,Dallas,19049,213.3
2000,Davis,19051,149.7
2001,Davis,19051,133.9
2002,Davis,19051,155.4
2003,Davis,19051,125.7
2004,Davis,19051,180.3
2005,Davis,19051,115.0
2006,Davis,19051,161.5
2007,Davis,19051,157.4
2008,Davis,19051,142.0
2009,Davis,19051,142.7
2010,Davis,19051,84.0
2011,Davis,19051,97.8
2012,Davis,19051,52.4
2013,Davis,19051,146.7
2014,Davis,19051,184.2
2015,Davis,19051,142.4
2016,Davis,19051,188.7
2017,Davis,19051,107.3
2019,Davis,19051,160.0
2020,Davis,19051,170.0
2021,Davis,19051,152.5
2022,Davis,19051,154.9
2023,Davis,19051,179.8
2024,Davis,19051,194.9
2025,Davis,19051,192.3
2000,Decatur,19053,148.4
2001,Decatur,19053,116.6
2002,Decatur,19053,132.1
2003,Decatur,19053,128.8
2004,Decatur,19053,175.5
2005,Decatur,19053,163.9
2006,Decatur,19053,157.5
2007,Decatur,19053,155.5
2008,Decatur,19053,112.0
2009,Decatur,19053,144.4
2010,Decatur,19053,94.3
2011,Decatur,19053,126.1
2012,Decatur,19053,61.2
2013,Decatur,19053,131.2
2014,Decatur,19053,164.0
2015,Decatur,19053,162.7
2016,Decatur,19053,181.1
2018,Decatur,19053,172.5
2020,Decatur,19053,159.3
2022,Decatur,19053,148.7
2023,Decatur,19053,205.3
2024,Decatur,19053,172.2
2025,Decatur,19053,182.9
2000,Delaware,19055,144.2
2001,Delaware,19055,169.3
2002,Delaware,19055,183.0
2003,Delaware,19055,158.9
2004,Delaware,19055,176.6
2005,Delaware,19055,177.1
2006,Delaware,19055,180.5
2007,Delaware,19055,179.8
2008,Delaware,19055,159.0
2009,Delaware,19055,176.3
2010,Delaware,19055,175.8
2011,Delaware,19055,186.5
2012,Delaware,19055,129.8
2013,Delaware,19055,184.7
2014,Delaware,19055,174.9
2015,Delaware,19055,195.8
2016,Delaware,19055,202.3
2017,Delaware,19055,218.0
2018,Delaware,19055,224.8
2019,Delaware,19055,204.5
2020,Delaware,19055,190.4
2021,Delaware,19055,218.0
2022,Delaware,19055,230.8
2023,Delaware,19055,198.9
2024,Delaware,19055,219.5
2025,Delaware,19055,224.1
2000,Des Moines,19057,143.9
2001,Des Moines,19057,143.2
2002,Des Moines,19057,161.6
2003,Des Moines,19057,154.4
2004,Des Moines,19057,189.9
2005,Des Moines,19057,154.5
2006,Des Moines,19057,159.2
2007,Des Moines,19057,198.5
2008,Des Moines,19057,186.0
2009,Des Moines,19057,166.4
2010,Des Moines,19057,112.1
2011,Des Moines,19057,146.6
2012,Des Moines,19057,143.7
2013,Des Moines,19057,165.4
2014,Des Moines,19057,199.0
2015,Des Moines,19057,176.0
2016,Des Moines,19057,210.0
2017,Des Moines,19057,200.1
2018,Des Moines,19057,195.4
2019,Des Moines,19057,176.9
2020,Des Moines,19057,190.2
2022,Des Moines,19057,194.8
2023,Des Moines,19057,207.9
2024,Des Moines,19057,221.8
2025,Des Moines,19057,221.1
2000,Dickinson,19059,150.9
2001,Dickinson,19059,129.7
2002,Dickinson,19059,144.5
2003,Dickinson,19059,160.6
2004,Dickinson,19059,188.8
2005,Dickinson,19059,170.4
2006,Dickinson,19059,159.0
2007,Dickinson,19059,165.8
2008,Dickinson,19059,168.0
2009,Dickinson,19059,185.3
2010,Dickinson,19059,181.0
2011,Dickinson,19059,169.3
2012,Dickinson,19059,160.9
2013,Dickinson,19059,162.4
2014,Dickinson,19059,157.9
2015,Dickinson,19059,194.5
2016,Dickinson,19059,188.0
2017,Dickinson,19059,196.2
2018,Dickinson,19059,160.4
2019,Dickinson,19059,170.0
2020,Dickinson,19059,182.2
2021,Dickinson,19059,177.7
2022,Dickinson,19059,203.4
2023,Dickinson,19059,201.3
2024,Dickinson,19059,160.8
2025,Dickinson,19059,220.2
2000,Dubuque,19061,151.3
2001,Dubuque,19061,157.9
2002,Dubuque,19061,173.7
2003,Dubuque,19061,157.1
2004,Dubuque,19061,183.0
2005,Dubuque,19061,183.0
2006,Dubuque,19061,182.6
2007,Dubuque,19061,182.0
2008,Dubuque,19061,158.0
2009,Dubuque,19061,183.8
2010,Dubuque,19061,170.4
2011,Dubuque,19061,185.1
2012,Dubuque,19061,149.4
2013,Dubuque,19061,196.0
2014,Dubuque,19061,184.9
2015,Dubuque,19061,197.0
2016,Dubuque,19061,211.5
2017,Dubuque,19061,215.1
2018,Dubuque,19061,211.8
2019,Dubuque,19061,216.4
2020,Dubuque,19061,197.1
2021,Dubuque,19061,217.2
2022,Dubuque,19061,223.7
2023,Dubuque,19061,199.5
2024,Dubuque,19061,221.7
2025,Dubuque,19061,217.3
2000,Emmet,19063,156.4
2001,Emmet,19063,131.1
2002,Emmet,19063,153.7
2003,Emmet,19063,165.9
2004,Emmet,19063,181.8
2005,Emmet,19063,182.7
2006,Emmet,19063,165.9
2007,Emmet,19063,175.7
2008,Emmet,19063,168.0
2009,Emmet,19063,190.1
2010,Emmet,19063,183.1
2011,Emmet,19063,169.6
2012,Emmet,19063,166.6
2013,Emmet,19063,166.4
2014,Emmet,19063,165.0
2015,Emmet,19063,203.3
2016,Emmet,19063,198.5
2017,Emmet,19063,210.1
2018,Emmet,19063,155.8
2020,Emmet,19063,186.1
2021,Emmet,19063,182.5
2022,Emmet,19063,213.6
2025,Emmet,19063,227.1
2000,Fayette,19065,146.7
2001,Fayette,19065,160.2
2002,Fayette,19065,175.6
2003,Fayette,19065,153.3
2004,Fayette,19065,166.7
2005,Fayette,19065,189.8
2006,Fayette,19065,173.9
2007,Fayette,19065,171.3
2008,Fayette,19065,167.0
2009,Fayette,19065,158.6
2010,Fayette,19065,166.5
2011,Fayette,19065,186.6
2012,Fayette,19065,151.0
2013,Fayette,19065,181.2
2014,Fayette,19065,170.9
2015,Fayette,19065,191.8
2016,Fayette,19065,202.5
2017,Fayette,19065,207.6
2018,Fayette,19065,200.1
2019,Fayette,19065,200.5
2020,Fayette,19065,180.1
2021,Fayette,19065,205.6
2022,Fayette,19065,209.8
2023,Fayette,19065,205.9
2024,Fayette,19065,201.2
2000,Floyd,19067,142.5
2001,Floyd,19067,149.1
2002,Floyd,19067,172.2
2003,Floyd,19067,153.1
2004,Floyd,19067,177.4
2005,Floyd,19067,184.2
2006,Floyd,19067,165.0
2007,Floyd,19067,170.1
2008,Floyd,19067,171.0
2009,Floyd,19067,174.0
2010,Floyd,19067,177.8
2011,Floyd,19067,181.1
2012,Floyd,19067,123.2
2013,Floyd,19067,170.0
2014,Floyd,19067,162.8
2015,Floyd,19067,196.5
2016,Floyd,19067,196.3
2017,Floyd,19067,203.4
2018,Floyd,19067,184.4
2019,Floyd,19067,202.9
2020,Floyd,19067,187.4
2021,Floyd,19067,204.4
2022,Floyd,19067,204.6
2023,Floyd,19067,191.8
2024,Floyd,19067,210.1
2025,Floyd,19067,219.1
2000,Franklin,19069,146.1
2001,Franklin,19069,153.3
2002,Franklin,19069,171.3
2003,Franklin,19069,168.6
2004,Franklin,19069,190.5
2005,Franklin,19069,185.2
2006,Franklin,19069,177.6
2007,Franklin,19069,176.6
2008,Franklin,19069,167.0
2009,Franklin,19069,167.0
2010,Franklin,19069,168.0
2011,Franklin,19069,189.7
2012,Franklin,19069,150.0
2013,Franklin,19069,179.6
2014,Franklin,19069,165.8
2015,Franklin,19069,200.2
2016,Franklin,19069,204.8
2017,Franklin,19069,206.1
2018,Franklin,19069,204.3
2019,Franklin,19069,202.7
2020,Franklin,19069,180.1
2021,Franklin,19069,198.9
2022,Franklin,19069,220.1
2023,Franklin,19069,210.5
2024,Franklin,19069,204.9
2025,Franklin,19069,208.5
2000,Fremont,19071,139.5
2001,Fremont,19071,143.3
2002,Fremont,19071,96.6
2003,Fremont,19071,132.9
2004,Fremont,19071,188.4
2005,Fremont,19071,161.3
2006,Fremont,19071,146.3
2007,Fremont,19071,150.7
2008,Fremont,19071,147.0
2009,Fremont,19071,187.3
2010,Fremont,19071,152.7
2011,Fremont,19071,155.6
2012,Fremont,19071,131.2
2013,Fremont,19071,159.9
2014,Fremont,19071,191.5
2015,Fremont,19071,179.9
2016,Fremont,19071,180.8
2017,Fremont,19071,204.5
2018,Fremont,19071,195.1
2020,Fremont,19071,194.8
2021,Fremont,19071,206.7
2022,Fremont,19071,191.6
2023,Fremont,19071,211.0
2024,Fremont,19071,231.0
2025,Fremont,19071,195.8
2000,Greene,19073,147.0
2001,Greene,19073,140.7
2002,Greene,19073,165.2
2003,Greene,19073,169.3
2004,Greene,19073,186.7
2005,Greene,19073,185.3
2006,Greene,19073,170.6
2007,Greene,19073,179.9
2008,Greene,19073,159.0
2009,Greene,19073,188.1
2010,Greene,19073,167.3
2011,Greene,19073,183.4
2012,Greene,19073,124.6
2013,Greene,19073,137.9
2014,Greene,19073,181.2
2015,Greene,19073,189.0
2016,Greene,19073,205.5
2017,Greene,19073,202.2
2018,Greene,19073,201.3
2019,Greene,19073,201.4
2020,Greene,19073,153.8
2021,Greene,19073,220.5
2022,Greene,19073,197.3
2023,Greene,19073,208.0
2024,Greene,19073,223.1
2025,Greene,19073,213.3
2000,Grundy,19075,146.5
2001,Grundy,19075,149.9
2002,Grundy,19075,181.5
2003,Grundy,19075,172.6
2004,Grundy,19075,190.6
2005,Grundy,19075,189.9
2006,Grundy,19075,176.8
2007,Grundy,19075,176.0
2008,Grundy,19075,181.0
2009,Grundy,19075,178.0
2010,Grundy,19075,192.9
2011,Grundy,19075,172.8
2012,Grundy,19075,161.5
2013,Grundy,19075,180.8
2014,Grundy,19075,182.4
2015,Grundy,19075,199.9
2016,Grundy,19075,198.5
2017,Grundy,19075,217.3
2018,Grundy,19075,225.2
2019,Grundy,19075,209.8
2020,Grundy,19075,182.7
2021,Grundy,19075,209.4
2022,Grundy,19075,207.5
2023,Grundy,19075,212.9
2025,Grundy,19075,215.9
2000,Guthrie,19077,136.1
2001,Guthrie,19077,127.9
2002,Guthrie,19077,149.0
2003,Guthrie,19077,135.9
2004,Guthrie,19077,172.9
2005,Guthrie,19077,161.2
2006,Guthrie,19077,159.2
2007,Guthrie,19077,158.8
2008,Guthrie,19077,171.0
2009,Guthrie,19077,173.4
2010,Guthrie,19077,141.3
2011,Guthrie,19077,169.4
2012,Guthrie,19077,113.4
2013,Guthrie,19077,130.1
2014,Guthrie,19077,176.1
2015,Guthrie,19077,179.2
2016,Guthrie,19077,198.2
2017,Guthrie,19077,197.6
2018,Guthrie,19077,192.2
2019,Guthrie,19077,196.7
2020,Guthrie,19077,151.3
2021,Guthrie,19077,220.0
2022,Guthrie,19077,193.6
2000,Hamilton,19079,154.4
2001,Hamilton,19079,163.6
2002,Hamilton,19079,182.6
2003,Hamilton,19079,166.9
2004,Hamilton,19079,181.4
2005,Hamilton,19079,189.0
2006,Hamilton,19079,184.7
2007,Hamilton,19079,180.5
2008,Hamilton,19079,157.0
2009,Hamilton,19079,167.5
2010,Hamilton,19079,169.6
2011,Hamilton,19079,180.6
2012,Hamilton,19079,138.0
2013,Hamilton,19079,135.0
2014,Hamilton,19079,173.1
2015,Hamilton,19079,198.1
2016,Hamilton,19079,209.0
2017,Hamilton,19079,194.6
2018,Hamilton,19079,188.9
2019,Hamilton,19079,198.2
2020,Hamilton,19079,166.2
2022,Hamilton,19079,208.6
2023,Hamilton,19079,215.5
2024,Hamilton,19079,212.3
2025,Hamilton,19079,212.7
2000,Hancock,19081,154.5
2001,Hancock,19081,145.0
2002,Hancock,19081,167.9
2003,Hancock,19081,169.1
2004,Hancock,19081,176.5
2005,Hancock,19081,182.3
2006,Hancock,19081,175.9
2007,Hancock,19081,178.6
2008,Hancock,19081,171.0
2009,Hancock,19081,178.5
2010,Hancock,19081,176.9
2011,Hancock,19081,179.8
2012,Hancock,19081,143.3
2013,Hancock,19081,169.9
2014,Hancock,19081,173.9
2015,Hancock,19081,201.2
2016,Hancock,19081,200.3
2017,Hancock,19081,200.2
2018,Hancock,19081,176.7
2019,Hancock,19081,193.3
2020,Hancock,19081,200.0
2021,Hancock,19081,209.8
2022,Hancock,19081,211.5
2023,Hancock,19081,204.9
2024,Hancock,19081,203.1
2025,Hancock,19081,196.3
2000,Hardin,19083,146.8
2001,Hardin,19083,157.7
2002,Hardin,19083,177.6
2003,Hardin,19083,169.5
2004,Hardin,19083,194.0
2005,Hardin,19083,188.6
2006,Hardin,19083,183.5
2007,Hardin,19083,177.3
2008,Hardin,19083,159.0
2009,Hardin,19083,162.9
2010,Hardin,19083,185.8
2011,Hardin,19083,186.7
2012,Hardin,19083,163.6
2013,Hardin,19083,156.6
2014,Hardin,19083,166.3
2015,Hardin,19083,199.3
2016,Hardin,19083,208.0
2017,Hardin,19083,213.7
2018,Hardin,19083,216.6
2019,Hardin,19083,200.2
2020,Hardin,19083,155.7
2021,Hardin,19083,193.2
2022,Hardin,19083,215.6
2023,Hardin,19083,213.3
2025,Hardin,19083,208.7
2000,Harrison,19085,138.5
2001,Harrison,19085,137.6
2002,Harrison,19085,155.1
2003,Harrison,19085,150.5
2004,Harrison,19085,177.3
2005,Harrison,19085,155.0
2006,Harrison,19085,142.1
2007,Harrison,19085,161.8
2008,Harrison,19085,176.0
2009,Harrison,19085,196.8
2010,Harrison,19085,159.4
2011,Harrison,19085,169.9
2012,Harrison,19085,130.9
2013,Harrison,19085,177.1
2014,Harrison,19085,161.1
2015,Harrison,19085,189.5
2016,Harrison,19085,204.6
2017,Harrison,19085,193.2
2018,Harrison,19085,176.0
2020,Harrison,19085,180.2
2022,Harrison,19085,172.4
2023,Harrison,19085,190.3
2025,Harrison,19085,186.2
2000,Henry,19087,143.7
2001,Henry,19087,142.9
2002,Henry,19087,157.1
2003,Henry,19087,160.7
2004,Henry,19087,182.2
2005,Henry,19087,153.0
2006,Henry,19087,167.9
2007,Henry,19087,181.5
2008,Henry,19087,178.0
2009,Henry,19087,155.9
2010,Henry,19087,109.0
2011,Henry,19087,123.2
2012,Henry,19087,132.0
2013,Henry,19087,160.4
2014,Henry,19087,196.6
2015,Henry,19087,178.4
2016,Henry,19087,199.0
2017,Henry,19087,196.4
2018,Henry,19087,189.7
2019,Henry,19087,164.5
2020,Henry,19087,172.0
2021,Henry,19087,167.7
2022,Henry,19087,167.7
2023,Henry,19087,195.1
2024,Henry,19087,213.7
2025,Henry,19087,209.6
2000,Howard,19089,140.3
2001,Howard,19089,130.5
2002,Howard,19089,164.6
2003,Howard,19089,151.4
2004,Howard,19089,160.8
2005,Howard,19089,183.8
2006,Howard,19089,165.3
2007,Howard,19089,169.8
2008,Howard,19089,164.0
2009,Howard,19089,169.9
2010,Howard,19089,191.4
2011,Howard,19089,185.8
2012,Howard,19089,137.8
2013,Howard,19089,159.1
2014,Howard,19089,164.4
2015,Howard,19089,202.1
2016,Howard,19089,202.2
2017,Howard,19089,201.7
2018,Howard,19089,185.5
2019,Howard,19089,194.2
2020,Howard,19089,188.6
2021,Howard,19089,207.3
2022,Howard,19089,217.2
2023,Howard,19089,183.9
2024,Howard,19089,212.5
2025,Howard,19089,233.8
2000,Humboldt,19091,158.8
2001,Humboldt,19091,144.6
2002,Humboldt,19091,172.6
2003,Humboldt,19091,169.2
2004,Humboldt,19091,190.2
2005,Humboldt,19091,188.2
2006,Humboldt,19091,181.3
2007,Humboldt,19091,177.5
2008,Humboldt,19091,172.0
2009,Humboldt,19091,191.0
2010,Humboldt,19091,153.2
2011,Humboldt,19091,185.5
2012,Humboldt,19091,146.1
2013,Humboldt,19091,155.4
2014,Humboldt,19091,176.9
2015,Humboldt,19091,194.8
2016,Humboldt,19091,206.1
2017,Humboldt,19091,200.9
2018,Humboldt,19091,162.3
2019,Humboldt,19091,198.7
2020,Humboldt,19091,188.4
2021,Humboldt,19091,205.4
2022,Humboldt,19091,195.5
2023,Humboldt,19091,205.8
2024,Humboldt,19091,205.7
2025,Humboldt,19091,202.5
2000,Ida,19093,109.5
2001,Ida,19093,146.2
2002,Ida,19093,166.2
2003,Ida,19093,165.9
2004,Ida,19093,185.0
2005,Ida,19093,177.0
2006,Ida,19093,125.5
2007,Ida,19093,169.4
2008,Ida,19093,196.0
2009,Ida,19093,206.6
2010,Ida,19093,191.8
2011,Ida,19093,182.9
2012,Ida,19093,151.4
2013,Ida,19093,177.7
2014,Ida,19093,189.9
2015,Ida,19093,203.1
2016,Ida,19093,216.0
2017,Ida,19093,215.7
2018,Ida,19093,222.2
2020,Ida,19093,188.2
2021,Ida,19093,226.8
2022,Ida,19093,221.2
2023,Ida,19093,198.0
2024,Ida,19093,221.5
2025,Ida,19093,232.4
2000,Iowa,19095,140.9
2001,Iowa,19095,154.2
2002,Iowa,19095,175.7
2003,Iowa,19095,168.9
2004,Iowa,19095,185.8
2005,Iowa,19095,147.3
2006,Iowa,19095,178.1
2007,Iowa,19095,178.0
2008,Iowa,19095,173.0
2009,Iowa,19095,180.2
2010,Iowa,19095,158.5
2011,Iowa,19095,171.6
2012,Iowa,19095,135.7
2013,Iowa,19095,165.9
2014,Iowa,19095,192.1
2015,Iowa,19095,199.3
2016,Iowa,19095,210.6
2017,Iowa,19095,216.7
2018,Iowa,19095,211.7
2019,Iowa,19095,190.6
2020,Iowa,19095,151.1
2022,Iowa,19095,205.9
2023,Iowa,19095,213.5
2024,Iowa,19095,219.2
2025,Iowa,19095,220.3
2000,Jackson,19097,140.7
2001,Jackson,19097,152.0
2002,Jackson,19097,164.7
2003,Jackson,19097,155.2
2004,Jackson,19097,169.6
2005,Jackson,19097,124.2
2006,Jackson,19097,166.5
2007,Jackson,19097,169.4
2008,Jackson,19097,169.0
2009,Jackson,19097,169.6
2010,Jackson,19097,157.2
2011,Jackson,19097,178.3
2012,Jackson,19097,114.6
2013,Jackson,19097,173.2
2014,Jackson,19097,188.9
2015,Jackson,19097,190.6
2016,Jackson,19097,202.1
2017,Jackson,19097,202.1
2018,Jackson,19097,202.4
2019,Jackson,19097,185.5
2020,Jackson,19097,185.6
2021,Jackson,19097,191.2
2022,Jackson,19097,219.2
2023,Jackson,19097,189.6
2024,Jackson,19097,227.5
2025,Jackson,19097,213.2
2000,Jasper,19099,144.1
2001,Jasper,19099,154.8
2002,Jasper,19099,183.4
2003,Jasper,19099,171.5
2004,Jasper,19099,194.2
2005,Jasper,19099,188.5
2006,Jasper,19099,173.9
2007,Jasper,19099,180.9
2008,Jasper,19099,182.0
2009,Jasper,19099,181.4
2010,Jasper,19099,152.7
2011,Jasper,19099,171.1
2012,Jasper,19099,150.9
2013,Jasper,19099,158.8
2014,Jasper,19099,191.5
2015,Jasper,19099,198.9
2016,Jasper,19099,214.7
2017,Jasper,19099,204.6
2018,Jasper,19099,218.6
2019,Jasper,19099,209.3
2021,Jasper,19099,221.7
2022,Jasper,19099,203.6
2023,Jasper,19099,218.0
2000,Jefferson,19101,141.9
2001,Jefferson,19101,134.4
2002,Jefferson,19101,134.9
2003,Jefferson,19101,146.9
2004,Jefferson,19101,173.1
2005,Jefferson,19101,143.6
2006,Jefferson,19101,170.7
2007,Jefferson,19101,159.9
2008,Jefferson,19101,167.0
2009,Jefferson,19101,150.0
2010,Jefferson,19101,98.5
2011,Jefferson,19101,112.4
2012,Jefferson,19101,102.8
2013,Jefferson,19101,145.5
2014,Jefferson,19101,200.9
2015,Jefferson,19101,168.2
2016,Jefferson,19101,197.0
2017,Jefferson,19101,165.5
2018,Jefferson,19101,198.8
2019,Jefferson,19101,162.7
2020,Jefferson,19101,167.3
2021,Jefferson,19101,163.3
2022,Jefferson,19101,178.0
2023,Jefferson,19101,195.1
2024,Jefferson,19101,203.7
2025,Jefferson,19101,199.4
2000,Johnson,19103,141.5
2001,Johnson,19103,156.4
2002,Johnson,19103,177.1
2003,Johnson,19103,160.4
2004,Johnson,19103,173.8
2005,Johnson,19103,135.8
2006,Johnson,19103,171.8
2007,Johnson,19103,171.1
2008,Johnson,19103,161.0
2009,Johnson,19103,178.8
2010,Johnson,19103,150.9
2011,Johnson,19103,171.9
2012,Johnson,19103,132.4
2013,Johnson,19103,181.1
2014,Johnson,19103,184.6
2015,Johnson,19103,187.1
2016,Johnson,19103,189.0
2017,Johnson,19103,213.1
2018,Johnson,19103,212.3
2019,Johnson,19103,181.3
2020,Johnson,19103,161.8
2022,Johnson,19103,205.2
2023,Johnson,19103,203.1
2024,Johnson,19103,223.1
2025,Johnson,19103,209.7
2000,Jones,19105,141.3
2001,Jones,19105,168.5
2002,Jones,19105,173.0
2003,Jones,19105,164.0
2004,Jones,19105,168.3
2005,Jones,19105,148.3
2006,Jones,19105,175.5
2007,Jones,19105,181.2
2008,Jones,19105,167.0
2009,Jones,19105,190.1
2010,Jones,19105,168.9
2011,Jones,19105,171.4
2012,Jones,19105,127.3
2013,Jones,19105,179.3
2014,Jones,19105,180.1
2015,Jones,19105,186.6
2016,Jones,19105,201.3
2017,Jones,19105,217.0
2018,Jones,19105,208.9
2019,Jones,19105,203.0
2020,Jones,19105,171.6
2022,Jones,19105,218.2
2023,Jones,19105,190.7
2024,Jones,19105,233.3
2025,Jones,19105,215.1
2000,Keokuk,19107,147.6
2001,Keokuk,19107,142.1
2002,Keokuk,19107,160.8
2003,Keokuk,19107,155.2
2004,Keokuk,19107,190.5
2005,Keokuk,19107,135.0
2006,Keokuk,19107,166.6
2007,Keokuk,19107,174.5
2008,Keokuk,19107,157.0
2009,Keokuk,19107,167.7
2010,Keokuk,19107,111.2
2011,Keokuk,19107,152.4
2012,Keokuk,19107,113.0
2013,Keokuk,19107,156.7
2014,Keokuk,19107,193.2
2015,Keokuk,19107,181.0
2016,Keokuk,19107,208.6
2017,Keokuk,19107,176.4
2018,Keokuk,19107,203.7
2019,Keokuk,19107,175.4
2020,Keokuk,19107,163.5
2021,Keokuk,19107,176.5
2022,Keokuk,19107,170.4
2023,Keokuk,19107,211.6
2025,Keokuk,19107,209.2
2000,Kossuth,19109,157.6
2001,Kossuth,19109,138.1
2002,Kossuth,19109,163.3
2003,Kossuth,19109,170.7
2004,Kossuth,19109,178.4
2005,Kossuth,19109,187.5
2006,Kossuth,19109,177.2
2007,Kossuth,19109,178.6
2008,Kossuth,19109,171.0
2009,Kossuth,19109,191.6
2010,Kossuth,19109,184.0
2011,Kossuth,19109,179.9
2012,Kossuth,19109,164.6
2013,Kossuth,19109,167.7
2014,Kossuth,19109,176.6
2015,Kossuth,19109,199.0
2016,Kossuth,19109,204.7
2017,Kossuth,19109,205.6
2018,Kossuth,19109,180.2
2019,Kossuth,19109,198.7
2020,Kossuth,19109,190.7
2021,Kossuth,19109,190.7
2022,Kossuth,19109,196.8
2025,Kossuth,19109,204.6
2000,Lee,19111,149.0
2001,Lee,19111,138.3
2002,Lee,19111,140.8
2003,Lee,19111,150.1
2004,Lee,19111,180.0
2005,Lee,19111,129.4
2006,Lee,19111,144.1
2007,Lee,19111,177.5
2008,Lee,19111,173.0
2009,Lee,19111,167.9
2010,Lee,19111,103.2
2011,Lee,19111,105.2
2012,Lee,19111,116.0
2013,Lee,19111,144.1
2014,Lee,19111,200.6
2015,Lee,19111,145.1
2016,Lee,19111,194.6
2017,Lee,19111,178.0
2018,Lee,19111,201.3
2019,Lee,19111,172.5
2020,Lee,19111,174.3
2021,Lee,19111,160.4
2022,Lee,19111,178.2
2023,Lee,19111,203.7
2024,Lee,19111,223.3
2025,Lee,19111,198.0
2000,Linn,19113,140.9
2001,Linn,19113,164.9
2002,Linn,19113,176.6
2003,Linn,19113,162.5
2004,Linn,19113,172.4
2005,Linn,19113,152.0
2006,Linn,19113,176.2
2007,Linn,19113,176.7
2008,Linn,19113,172.0
2009,Linn,19113,189.7
2010,Linn,19113,170.3
2011,Linn,19113,169.1
2012,Linn,19113,124.2
2013,Linn,19113,178.6
2014,Linn,19113,176.1
2015,Linn,19113,189.2
2016,Linn,19113,200.3
2017,Linn,19113,217.4
2018,Linn,19113,215.4
2019,Linn,19113,223.7
2020,Linn,19113,164.9
2022,Linn,19113,215.0
2023,Linn,19113,179.5
2024,Linn,19113,230.1
2025,Linn,19113,216.2
2000,Louisa,19115,139.0
2001,Louisa,19115,131.2
2002,Louisa,19115,156.9
2003,Louisa,19115,156.3
2004,Louisa,19115,179.1
2005,Louisa,19115,133.5
2006,Louisa,19115,170.1
2007,Louisa,19115,178.0
2008,Louisa,19115,174.0
2009,Louisa,19115,158.4
2010,Louisa,19115,125.1
2011,Louisa,19115,148.9
2012,Louisa,19115,162.9
2013,Louisa,19115,158.5
2014,Louisa,19115,188.2
2015,Louisa,19115,181.7
2016,Louisa,19115,200.2
2017,Louisa,19115,216.6
2018,Louisa,19115,196.5
2019,Louisa,19115,174.6
2020,Louisa,19115,181.6
2021,Louisa,19115,189.5
2022,Louisa,19115,196.3
2024,Louisa,19115,214.5
2000,Lucas,19117,130.4
2001,Lucas,19117,118.4
2002,Lucas,19117,140.9
2003,Lucas,19117,119.1
2004,Lucas,19117,154.8
2005,Lucas,19117,154.8
2006,Lucas,19117,137.8
2007,Lucas,19117,141.9
2008,Lucas,19117,114.0
2009,Lucas,19117,137.2
2010,Lucas,19117,71.2
2011,Lucas,19117,114.9
2012,Lucas,19117,85.3
2013,Lucas,19117,117.9
2014,Lucas,19117,153.7
2015,Lucas,19117,154.8
2016,Lucas,19117,174.6
2020,Lucas,19117,149.2
2021,Lucas,19117,166.1
2022,Lucas,19117,139.5
2023,Lucas,19117,173.9
2025,Lucas,19117,183.4
2000,Lyon,19119,154.1
2001,Lyon,19119,151.3
2002,Lyon,19119,152.9
2003,Lyon,19119,158.3
2004,Lyon,19119,185.9
2005,Lyon,19119,185.2
2006,Lyon,19119,163.9
2007,Lyon,19119,163.7
2008,Lyon,19119,190.0
2009,Lyon,19119,192.8
2010,Lyon,19119,195.2
2011,Lyon,19119,185.4
2012,Lyon,19119,161.6
2013,Lyon,19119,190.5
2014,Lyon,19119,172.9
2015,Lyon,19119,196.0
2016,Lyon,19119,206.9
2017,Lyon,19119,218.9
2018,Lyon,19119,193.0
2019,Lyon,19119,186.5
2020,Lyon,19119,197.0
2021,Lyon,19119,216.7
2022,Lyon,19119,190.8
2023,Lyon,19119,200.2
2024,Lyon,19119,198.8
2000,Madison,19121,133.1
2001,Madison,19121,144.5
2002,Madison,19121,150.4
2003,Madison,19121,134.7
2004,Madison,19121,175.6
2005,Madison,19121,154.9
2006,Madison,19121,158.4
2007,Madison,19121,162.6
2008,Madison,19121,165.0
2009,Madison,19121,167.7
2010,Madison,19121,124.6
2011,Madison,19121,145.1
2012,Madison,19121,101.4
2013,Madison,19121,140.9
2014,Madison,19121,171.4
2015,Madison,19121,169.6
2016,Madison,19121,185.5
2017,Madison,19121,173.1
2018,Madison,19121,167.8
2019,Madison,19121,175.7
2020,Madison,19121,172.0
2021,Madison,19121,195.6
2022,Madison,19121,166.9
2023,Madison,19121,202.0
2025,Madison,19121,192.6
2000,Mahaska,19123,143.3
2001,Mahaska,19123,142.8
2002,Mahaska,19123,168.8
2003,Mahaska,19123,162.2
2004,Mahaska,19123,192.7
2005,Mahaska,19123,160.5
2006,Mahaska,19123,166.0
2007,Mahaska,19123,179.9
2008,Mahaska,19123,176.0
2009,Mahaska,19123,182.4
2010,Mahaska,19123,116.6
2011,Mahaska,19123,165.0
2012,Mahaska,19123,133.0
2013,Mahaska,19123,168.6
2014,Mahaska,19123,189.9
2015,Mahaska,19123,190.3
2016,Mahaska,19123,204.7
2017,Mahaska,19123,177.2
2018,Mahaska,19123,207.7
2019,Mahaska,19123,189.9
2020,Mahaska,19123,180.8
2021,Mahaska,19123,200.5
2022,Mahaska,19123,186.3
2023,Mahaska,19123,214.9
2024,Mahaska,19123,222.9
2025,Mahaska,19123,218.5
2000,Marion,19125,139.4
2001,Marion,19125,140.1
2002,Marion,19125,162.2
2003,Marion,19125,147.5
2004,Marion,19125,170.3
2005,Marion,19125,159.9
2006,Marion,19125,156.3
2007,Marion,19125,165.9
2008,Marion,19125,143.0
2009,Marion,19125,165.2
2010,Marion,19125,112.7
2011,Marion,19125,152.6
2012,Marion,19125,115.1
2013,Marion,19125,156.4
2014,Marion,19125,171.6
2015,Marion,19125,178.1
2016,Marion,19125,198.0
2017,Marion,19125,185.7
2018,Marion,19125,190.2
2019,Marion,19125,170.7
2021,Marion,19125,199.1
2022,Marion,19125,175.2
2023,Marion,19125,203.7
2024,Marion,19125,218.1
2025,Marion,19125,209.6
2000,Marshall,19127,145.2
2001,Marshall,19127,152.9
2002,Marshall,19127,184.0
2003,Marshall,19127,179.6
2004,Marshall,19127,185.1
2005,Marshall,19127,191.9
2006,Marshall,19127,184.3
2007,Marshall,19127,185.9
2008,Marshall,19127,180.0
2009,Marshall,19127,178.5
2010,Marshall,19127,183.3
2011,Marshall,19127,166.3
2012,Marshall,19127,157.6
2013,Marshall,19127,163.2
2014,Marshall,19127,190.5
2015,Marshall,19127,194.9
2016,Marshall,19127,211.3
2017,Marshall,19127,222.4
2018,Marshall,19127,226.0
2019,Marshall,19127,221.9
2021,Marshall,19127,211.5
2022,Marshall,19127,214.1
2023,Marshall,19127,216.3
2024,Marshall,19127,222.2
2000,Mills,19129,135.2
2001,Mills,19129,132.5
2002,Mills,19129,110.3
2003,Mills,19129,131.6
2004,Mills,19129,184.8
2005,Mills,19129,163.7
2006,Mills,19129,159.5
2007,Mills,19129,147.4
2008,Mills,19129,156.0
2009,Mills,19129,191.2
2010,Mills,19129,160.2
2011,Mills,19129,155.0
2012,Mills,19129,128.8
2013,Mills,19129,171.0
2014,Mills,19129,184.9
2016,Mills,19129,188.4
2017,Mills,19129,190.1
2019,Mills,19129,202.9
2020,Mills,19129,182.2
2021,Mills,19129,209.8
2022,Mills,19129,191.1
2023,Mills,19129,204.3
2024,Mills,19129,210.9
2025,Mills,19129,190.4
2000,Mitchell,19131,146.7
2001,Mitchell,19131,145.5
2002,Mitchell,19131,177.5
2003,Mitchell,19131,156.3
2004,Mitchell,19131,175.3
2005,Mitchell,19131,186.6
2006,Mitchell,19131,170.5
2007,Mitchell,19131,174.2
2008,Mitchell,19131,174.0
2009,Mitchell,19131,177.2
2010,Mitchell,19131,190.5
2011,Mitchell,19131,180.1
2012,Mitchell,19131,131.4
2013,Mitchell,19131,164.1
2014,Mitchell,19131,175.1
2015,Mitchell,19131,202.1
2016,Mitchell,19131,199.1
2017,Mitchell,19131,213.4
2018,Mitchell,19131,193.3
2019,Mitchell,19131,194.5
2020,Mitchell,19131,203.3
2021,Mitchell,19131,203.3
2022,Mitchell,19131,217.9
2023,Mitchell,19131,171.8
2024,Mitchell,19131,212.8
2025,Mitchell,19131,215.4
2000,Monona,19133,138.3
2001,Monona,19133,127.8
2002,Monona,19133,138.0
2003,Monona,19133,141.9
2004,Monona,19133,169.8
2005,Monona,19133,157.1
2006,Monona,19133,109.3
2007,Monona,19133,149.3
2008,Monona,19133,171.0
2009,Monona,19133,199.8
2010,Monona,19133,168.7
2011,Monona,19133,158.3
2012,Monona,19133,115.1
2013,Monona,19133,175.2
2014,Monona,19133,156.6
2015,Monona,19133,169.0
2016,Monona,19133,184.5
2017,Monona,19133,196.0
2018,Monona,19133,181.4
2019,Monona,19133,203.9
2020,Monona,19133,178.4
2021,Monona,19133,197.7
2022,Monona,19133,168.6
2023,Monona,19133,165.4
2024,Monona,19133,192.0
2025,Monona,19133,203.1
2000,Monroe,19135,135.8
2001,Monroe,19135,115.9
2002,Monroe,19135,158.0
2003,Monroe,19135,129.6
2004,Monroe,19135,171.3
2005,Monroe,19135,154.3
2006,Monroe,19135,137.0
2007,Monroe,19135,161.3
2008,Monroe,19135,136.0
2009,Monroe,19135,156.3
2010,Monroe,19135,77.4
2011,Monroe,19135,112.5
2012,Monroe,19135,67.3
2013,Monroe,19135,115.3
2014,Monroe,19135,175.7
2016,Monroe,19135,180.0
2017,Monroe,19135,169.9
2018,Monroe,19135,167.0
2019,Monroe,19135,162.3
2020,Monroe,19135,153.8
2021,Monroe,19135,166.1
2022,Monroe,19135,145.4
2023,Monroe,19135,181.1
2024,Monroe,19135,191.7
2025,Monroe,19135,186.4
2000,Montgomery,19137,141.6
2001,Montgomery,19137,132.9
2002,Montgomery,19137,141.1
2003,Montgomery,19137,129.5
2004,Montgomery,19137,183.3
2005,Montgomery,19137,158.1
2006,Montgomery,19137,163.9
2007,Montgomery,19137,145.1
2008,Montgomery,19137,160.0
2009,Montgomery,19137,191.2
2010,Montgomery,19137,157.0
2011,Montgomery,19137,153.2
2012,Montgomery,19137,132.0
2013,Montgomery,19137,154.0
2014,Montgomery,19137,163.1
2015,Montgomery,19137,185.2
2016,Montgomery,19137,185.5
2017,Montgomery,19137,199.1
2018,Montgomery,19137,191.5
2019,Montgomery,19137,204.8
2020,Montgomery,19137,184.6
2021,Montgomery,19137,204.9
2022,Montgomery,19137,187.8
2023,Montgomery,19137,206.2
2024,Montgomery,19137,215.8
2025,Montgomery,19137,197.6
2000,Muscatine,19139,145.7
2001,Muscatine,19139,150.3
2002,Muscatine,19139,170.9
2003,Muscatine,19139,168.0
2004,Muscatine,19139,180.0
2005,Muscatine,19139,135.3
2006,Muscatine,19139,166.4
2007,Muscatine,19139,180.6
2008,Muscatine,19139,166.0
2009,Muscatine,19139,166.6
2010,Muscatine,19139,144.8
2011,Muscatine,19139,164.6
2012,Muscatine,19139,152.6
2013,Muscatine,19139,158.3
2014,Muscatine,19139,188.1
2015,Muscatine,19139,177.7
2016,Muscatine,19139,203.0
2017,Muscatine,19139,206.8
2018,Muscatine,19139,209.6
2019,Muscatine,19139,173.2
2020,Muscatine,19139,172.8
2021,Muscatine,19139,204.5
2022,Muscatine,19139,213.1
2023,Muscatine,19139,211.9
2024,Muscatine,19139,220.4
2025,Muscatine,19139,207.1
2000,O Brien,19141,151.4
2001,O Brien,19141,151.6
2002,O Brien,19141,151.7
2003,O Brien,19141,169.0
2004,O Brien,19141,182.3
2005,O Brien,19141,185.0
2006,O Brien,19141,166.0
2007,O Brien,19141,167.7
2008,O Brien,19141,195.0
2009,O Brien,19141,198.0
2010,O Brien,19141,190.7
2011,O Brien,19141,185.1
2012,O Brien,19141,159.8
2013,O Brien,19141,195.3
2014,O Brien,19141,180.3
2015,O Brien,19141,205.2
2016,O Brien,19141,210.7
2017,O Brien,19141,213.8
2018,O Brien,19141,201.6
2019,O Brien,19141,204.9
2020,O Brien,19141,199.5
2021,O Brien,19141,213.5
2022,O Brien,19141,201.1
2023,O Brien,19141,212.7
2024,O Brien,19141,199.0
2025,O Brien,19141,220.1
2000,Osceola,19143,154.1
2001,Osceola,19143,127.2
2002,Osceola,19143,148.6
2003,Osceola,19143,155.8
2004,Osceola,19143,187.3
2005,Osceola,19143,185.8
2006,Osceola,19143,165.4
2007,Osceola,19143,171.4
2008,Osceola,19143,175.0
2009,Osceola,19143,193.6
2010,Osceola,19143,192.7
2011,Osceola,19143,184.4
2012,Osceola,19143,169.6
2013,Osceola,19143,182.0
2014,Osceola,19143,175.4
2015,Osceola,19143,204.7
2016,Osceola,19143,203.7
2017,Osceola,19143,211.6
2018,Osceola,19143,180.2
2019,Osceola,19143,182.5
2020,Osceola,19143,185.3
2021,Osceola,19143,208.0
2022,Osceola,19143,197.5
2023,Osceola,19143,203.7
2025,Osceola,19143,230.1
2000,Page,19145,136.3
2001,Page,19145,133.3
2002,Page,19145,100.0
2003,Page,19145,126.3
2004,Page,19145,179.9
2005,Page,19145,164.7
2006,Page,19145,152.5
2007,Page,19145,139.5
2008,Page,19145,133.0
2009,Page,19145,176.8
2010,Page,19145,150.1
2011,Page,19145,136.2
2012,Page,19145,116.2
2013,Page,19145,154.5
2014,Page,19145,182.4
2015,Page,19145,165.8
2016,Page,19145,185.8
2017,Page,19145,193.1
2018,Page,19145,188.1
2019,Page,19145,191.3
2020,Page,19145,181.6
2021,Page,19145,206.9
2022,Page,19145,174.5
2023,Page,19145,206.6
2024,Page,19145,209.1
2000,Palo Alto,19147,154.2
2001,Palo Alto,19147,145.3
2002,Palo Alto,19147,158.5
2003,Palo Alto,19147,165.6
2004,Palo Alto,19147,182.9
2005,Palo Alto,19147,186.5
2006,Palo Alto,19147,163.0
2007,Palo Alto,19147,170.8
2008,Palo Alto,19147,176.0
2009,Palo Alto,19147,188.1
2010,Palo Alto,19147,174.0
2011,Palo Alto,19147,174.6
2012,Palo Alto,19147,170.6
2013,Palo Alto,19147,168.8
2014,Palo Alto,19147,164.6
2015,Palo Alto,19147,197.5
2016,Palo Alto,19147,196.0
2017,Palo Alto,19147,195.4
2018,Palo Alto,19147,157.9
2019,Palo Alto,19147,198.3
2020,Palo Alto,19147,181.1
2021,Palo Alto,19147,190.1
2022,Palo Alto,19147,195.8
2023,Palo Alto,19147,211.7
2024,Palo Alto,19147,182.3
2025,Palo Alto,19147,209.9
2000,Plymouth,19149,119.9
2001,Plymouth,19149,138.8
2002,Plymouth,19149,163.5
2003,Plymouth,19149,158.7
2004,Plymouth,19149,185.6
2005,Plymouth,19149,171.8
2006,Plymouth,19149,137.1
2007,Plymouth,19149,150.8
2008,Plymouth,19149,191.0
2009,Plymouth,19149,201.1
2010,Plymouth,19149,184.7
2011,Plymouth,19149,164.5
2012,Plymouth,19149,110.1
2013,Plymouth,19149,188.9
2014,Plymouth,19149,187.3
2015,Plymouth,19149,203.6
2016,Plymouth,19149,209.2
2017,Plymouth,19149,193.0
2018,Plymouth,19149,213.8
2019,Plymouth,19149,217.8
2021,Plymouth,19149,190.9
2022,Plymouth,19149,171.8
2023,Plymouth,19149,205.7
2024,Plymouth,19149,195.6
2000,Pocahontas,19151,155.6
2001,Pocahontas,19151,135.3
2002,Pocahontas,19151,167.6
2003,Pocahontas,19151,168.1
2004,Pocahontas,19151,195.5
2005,Pocahontas,19151,183.3
2006,Pocahontas,19151,166.5
2007,Pocahontas,19151,167.1
2008,Pocahontas,19151,178.0
2009,Pocahontas,19151,190.1
2010,Pocahontas,19151,172.6
2011,Pocahontas,19151,181.2
2012,Pocahontas,19151,165.3
2013,Pocahontas,19151,163.8
2014,Pocahontas,19151,174.8
2015,Pocahontas,19151,205.5
2016,Pocahontas,19151,206.8
2017,Pocahontas,19151,190.9
2018,Pocahontas,19151,179.2
2020,Pocahontas,19151,186.2
2021,Pocahontas,19151,213.9
2022,Pocahontas,19151,198.2
2023,Pocahontas,19151,218.1
2024,Pocahontas,19151,203.0
2025,Pocahontas,19151,210.2
2000,Polk,19153,154.8
2001,Polk,19153,148.7
2002,Polk,19153,175.7
2003,Polk,19153,165.3
2004,Polk,19153,183.4
2005,Polk,19153,174.7
2006,Polk,19153,171.9
2007,Polk,19153,177.8
2008,Polk,19153,154.0
2009,Polk,19153,178.6
2010,Polk,19153,139.4
2011,Polk,19153,160.6
2012,Polk,19153,149.1
2013,Polk,19153,143.6
2014,Polk,19153,181.4
2015,Polk,19153,187.0
2016,Polk,19153,199.8
2017,Polk,19153,200.3
2018,Polk,19153,186.2
2019,Polk,19153,196.6
2020,Polk,19153,150.2
2021,Polk,19153,217.5
2022,Polk,19153,188.6
2023,Polk,19153,206.4
2024,Polk,19153,218.0
2025,Polk,19153,203.6
2000,Pottawattamie,19155,139.1
2001,Pottawattamie,19155,138.0
2002,Pottawattamie,19155,140.0
2003,Pottawattamie,19155,127.0
2004,Pottawattamie,19155,189.7
2005,Pottawattamie,19155,171.1
2006,Pottawattamie,19155,171.6
2007,Pottawattamie,19155,162.4
2008,Pottawattamie,19155,178.0
2009,Pottawattamie,19155,192.4
2010,Pottawattamie,19155,164.8
2011,Pottawattamie,19155,170.9
2012,Pottawattamie,19155,131.9
2013,Pottawattamie,19155,179.4
2014,Pottawattamie,19155,169.1
2015,Pottawattamie,19155,204.0
2016,Pottawattamie,19155,210.4
2017,Pottawattamie,19155,195.8
2019,Pottawattamie,19155,208.0
2020,Pottawattamie,19155,176.3
2021,Pottawattamie,19155,216.3
2022,Pottawattamie,19155,195.0
2023,Pottawattamie,19155,198.5
2000,Poweshiek,19157,148.9
2001,Poweshiek,19157,150.2
2002,Poweshiek,19157,176.5
2003,Poweshiek,19157,172.9
2004,Poweshiek,19157,186.2
2005,Poweshiek,19157,176.4
2006,Poweshiek,19157,182.3
2007,Poweshiek,19157,182.6
2008,Poweshiek,19157,170.0
2009,Poweshiek,19157,184.5
2010,Poweshiek,19157,153.2
2011,Poweshiek,19157,179.0
2012,Poweshiek,19157,152.3
2013,Poweshiek,19157,158.5
2014,Poweshiek,19157,188.4
2015,Poweshiek,19157,197.8
2016,Poweshiek,19157,213.2
2017,Poweshiek,19157,215.1
2018,Poweshiek,19157,218.7
2019,Poweshiek,19157,200.3
2020,Poweshiek,19157,138.2
2021,Poweshiek,19157,201.0
2022,Poweshiek,19157,193.3
2023,Poweshiek,19157,204.9
2024,Poweshiek,19157,223.0
2025,Poweshiek,19157,217.2
2000,Ringgold,19159,144.0
2001,Ringgold,19159,108.3
2002,Ringgold,19159,128.6
2003,Ringgold,19159,104.8
2004,Ringgold,19159,153.0
2005,Ringgold,19159,153.8
2006,Ringgold,19159,142.3
2007,Ringgold,19159,140.5
2008,Ringgold,19159,115.0
2009,Ringgold,19159,134.4
2010,Ringgold,19159,94.1
2011,Ringgold,19159,118.7
2012,Ringgold,19159,71.6
2013,Ringgold,19159,121.1
2014,Ringgold,19159,166.4
2015,Ringgold,19159,147.8
2016,Ringgold,19159,179.5
2017,Ringgold,19159,167.8
2018,Ringgold,19159,153.3
2020,Ringgold,19159,159.1
2021,Ringgold,19159,175.8
2022,Ringgold,19159,151.8
2000,Sac,19161,128.2
2001,Sac,19161,152.7
2002,Sac,19161,166.2
2003,Sac,19161,155.5
2004,Sac,19161,184.3
2005,Sac,19161,185.8
2006,Sac,19161,134.0
2007,Sac,19161,173.9
2008,Sac,19161,184.0
2009,Sac,19161,184.5
2010,Sac,19161,189.7
2011,Sac,19161,183.4
2012,Sac,19161,130.7
2013,Sac,19161,142.6
2014,Sac,19161,179.8
2015,Sac,19161,204.8
2016,Sac,19161,214.3
2017,Sac,19161,194.5
2018,Sac,19161,213.5
2019,Sac,19161,220.6
2020,Sac,19161,161.0
2021,Sac,19161,231.0
2022,Sac,19161,212.4
2023,Sac,19161,199.1
2024,Sac,19161,229.1
2025,Sac,19161,224.3
2000,Scott,19163,152.7
2001,Scott,19163,173.6
2002,Scott,19163,195.3
2003,Scott,19163,180.9
2004,Scott,19163,191.9
2005,Scott,19163,148.9
2006,Scott,19163,170.5
2007,Scott,19163,182.2
2008,Scott,19163,184.0
2009,Scott,19163,184.1
2010,Scott,19163,151.9
2011,Scott,19163,174.2
2012,Scott,19163,131.7
2013,Scott,19163,167.8
2014,Scott,19163,194.5
2015,Scott,19163,195.9
2016,Scott,19163,216.0
2017,Scott,19163,220.0
2018,Scott,19163,214.0
2019,Scott,19163,189.4
2020,Scott,19163,181.3
2021,Scott,19163,206.8
2022,Scott,19163,216.2
2023,Scott,19163,210.1
2024,Scott,19163,234.2
2025,Scott,19163,224.5
2000,Shelby,19165,126.6
2001,Shelby,19165,139.8
2002,Shelby,19165,147.1
2003,Shelby,19165,134.4
2004,Shelby,19165,177.1
2005,Shelby,19165,171.7
2006,Shelby,19165,171.2
2007,Shelby,19165,167.3
2008,Shelby,19165,190.0
2009,Shelby,19165,202.9
2010,Shelby,19165,171.6
2011,Shelby,19165,173.6
2012,Shelby,19165,137.8
2013,Shelby,19165,182.6
2014,Shelby,19165,185.2
2015,Shelby,19165,195.3
2016,Shelby,19165,215.3
2017,Shelby,19165,207.1
2018,Shelby,19165,189.1
2019,Shelby,19165,217.3
2020,Shelby,19165,190.5
2022,Shelby,19165,209.0
2023,Shelby,19165,196.0
2000,Sioux,19167,150.0
2001,Sioux,19167,160.2
2002,Sioux,19167,165.7
2003,Sioux,19167,169.7
2004,Sioux,19167,187.6
2005,Sioux,19167,185.3
2006,Sioux,19167,162.9
2007,Sioux,19167,156.9
2008,Sioux,19167,195.0
2009,Sioux,19167,201.7
2010,Sioux,19167,196.5
2011,Sioux,19167,177.6
2012,Sioux,19167,143.2
2013,Sioux,19167,194.1
2014,Sioux,19167,187.4
2015,Sioux,19167,201.9
2016,Sioux,19167,212.2
2017,Sioux,19167,220.7
2018,Sioux,19167,211.9
2019,Sioux,19167,192.1
2020,Sioux,19167,201.8
2021,Sioux,19167,220.6
2022,Sioux,19167,196.6
2023,Sioux,19167,211.4
2000,Story,19169,157.4
2001,Story,19169,150.4
2002,Story,19169,177.1
2003,Story,19169,164.5
2004,Story,19169,188.1
2005,Story,19169,187.6
2006,Story,19169,184.1
2007,Story,19169,180.7
2008,Story,19169,160.0
2009,Story,19169,174.7
2010,Story,19169,163.9
2011,Story,19169,163.2
2012,Story,19169,157.6
2013,Story,19169,137.2
2014,Story,19169,169.9
2015,Story,19169,188.0
2016,Story,19169,211.9
2017,Story,19169,200.3
2018,Story,19169,192.3
2019,Story,19169,189.3
2020,Story,19169,148.4
2021,Story,19169,201.2
2022,Story,19169,207.1
2023,Story,19169,211.4
2024,Story,19169,215.5
2025,Story,19169,204.0
2000,Tama,19171,144.9
2001,Tama,19171,156.8
2002,Tama,19171,186.8
2003,Tama,19171,156.2
2004,Tama,19171,186.5
2005,Tama,19171,181.4
2006,Tama,19171,172.7
2007,Tama,19171,174.8
2008,Tama,19171,179.0
2009,Tama,19171,182.3
2010,Tama,19171,176.7
2011,Tama,19171,162.0
2012,Tama,19171,160.2
2013,Tama,19171,158.7
2014,Tama,19171,182.7
2015,Tama,19171,189.5
2016,Tama,19171,208.4
2017,Tama,19171,220.6
2018,Tama,19171,224.3
2019,Tama,19171,204.8
2020,Tama,19171,132.7
2021,Tama,19171,213.9
2022,Tama,19171,203.3
2023,Tama,19171,197.4
2000,Taylor,19173,140.7
2001,Taylor,19173,114.9
2002,Taylor,19173,126.6
2003,Taylor,19173,116.4
2004,Taylor,19173,157.9
2005,Taylor,19173,156.8
2006,Taylor,19173,142.4
2007,Taylor,19173,137.6
2008,Taylor,19173,135.0
2009,Taylor,19173,150.2
2010,Taylor,19173,122.2
2011,Taylor,19173,140.5
2012,Taylor,19173,91.7
2013,Taylor,19173,136.2
2014,Taylor,19173,178.8
2016,Taylor,19173,159.9
2017,Taylor,19173,175.0
2018,Taylor,19173,154.4
2019,Taylor,19173,161.7
2020,Taylor,19173,166.2
2021,Taylor,19173,192.0
2022,Taylor,19173,172.1
2023,Taylor,19173,192.9
2024,Taylor,19173,192.7
2025,Taylor,19173,176.6
2000,Union,19175,136.5
2001,Union,19175,127.3
2002,Union,19175,142.2
2003,Union,19175,106.7
2004,Union,19175,160.4
2005,Union,19175,157.2
2006,Union,19175,153.6
2007,Union,19175,154.1
2008,Union,19175,148.0
2009,Union,19175,153.8
2010,Union,19175,113.2
2011,Union,19175,132.6
2012,Union,19175,87.3
2013,Union,19175,137.0
2014,Union,19175,176.1
2016,Union,19175,183.0
2017,Union,19175,147.9
2018,Union,19175,155.8
2019,Union,19175,168.9
2020,Union,19175,179.7
2021,Union,19175,185.2
2022,Union,19175,149.4
2023,Union,19175,217.0
2025,Union,19175,193.1
2000,Van Buren,19177,146.4
2001,Van Buren,19177,122.2
2002,Van Buren,19177,125.6
2003,Van Buren,19177,141.9
2004,Van Buren,19177,175.4
2005,Van Buren,19177,124.0
2006,Van Buren,19177,157.8
2007,Van Buren,19177,165.8
2008,Van Buren,19177,146.0
2009,Van Buren,19177,148.6
2010,Van Buren,19177,90.8
2011,Van Buren,19177,100.9
2012,Van Buren,19177,110.3
2013,Van Buren,19177,144.1
2014,Van Buren,19177,192.2
2015,Van Buren,19177,158.3
2016,Van Buren,19177,189.0
2017,Van Buren,19177,128.2
2018,Van Buren,19177,180.9
2019,Van Buren,19177,171.0
2020,Van Buren,19177,153.5
2021,Van Buren,19177,162.5
2022,Van Buren,19177,151.9
2023,Van Buren,19177,189.3
2000,Wapello,19179,138.3
2001,Wapello,19179,141.0
2002,Wapello,19179,135.5
2003,Wapello,19179,128.2
2004,Wapello,19179,183.3
2005,Wapello,19179,136.1
2006,Wapello,19179,164.9
2007,Wapello,19179,167.1
2008,Wapello,19179,138.0
2009,Wapello,19179,156.6
2010,Wapello,19179,100.2
2011,Wapello,19179,127.3
2012,Wapello,19179,92.6
2013,Wapello,19179,150.4
2014,Wapello,19179,195.2
2015,Wapello,19179,159.3
2016,Wapello,19179,196.9
2017,Wapello,19179,153.0
2019,Wapello,19179,176.5
2020,Wapello,19179,170.6
2021,Wapello,19179,178.0
2022,Wapello,19179,170.8
2023,Wapello,19179,202.9
2025,Wapello,19179,203.6
2000,Warren,19181,140.1
2001,Warren,19181,143.9
2002,Warren,19181,151.1
2003,Warren,19181,135.8
2004,Warren,19181,167.6
2005,Warren,19181,157.1
2006,Warren,19181,164.9
2007,Warren,19181,157.4
2008,Warren,19181,135.0
2009,Warren,19181,160.2
2010,Warren,19181,102.4
2011,Warren,19181,129.1
2012,Warren,19181,103.5
2013,Warren,19181,146.7
2014,Warren,19181,169.9
2015,Warren,19181,170.3
2016,Warren,19181,184.6
2017,Warren,19181,183.2
2018,Warren,19181,163.6
2020,Warren,19181,168.0
2022,Warren,19181,157.8
2023,Warren,19181,199.2
2025,Warren,19181,194.3
2000,Washington,19183,144.1
2001,Washington,19183,148.1
2002,Washington,19183,167.4
2003,Washington,19183,161.5
2004,Washington,19183,181.9
2005,Washington,19183,153.0
2006,Washington,19183,184.4
2007,Washington,19183,174.1
2008,Washington,19183,180.0
2009,Washington,19183,171.1
2010,Washington,19183,132.5
2011,Washington,19183,156.3
2012,Washington,19183,132.1
2013,Washington,19183,159.0
2014,Washington,19183,191.3
2015,Washington,19183,195.0
2016,Washington,19183,208.2
2017,Washington,19183,220.4
2018,Washington,19183,214.3
2019,Washington,19183,178.9
2020,Washington,19183,185.4
2022,Washington,19183,185.7
2023,Washington,19183,188.3
2025,Washington,19183,218.6
2000,Wayne,19185,136.8
2001,Wayne,19185,114.1
2002,Wayne,19185,140.9
2003,Wayne,19185,130.4
2004,Wayne,19185,156.8
2005,Wayne,19185,157.0
2006,Wayne,19185,145.0
2007,Wayne,19185,150.2
2008,Wayne,19185,103.0
2009,Wayne,19185,142.7
2010,Wayne,19185,73.1
2011,Wayne,19185,126.0
2012,Wayne,19185,55.7
2013,Wayne,19185,125.1
2014,Wayne,19185,171.9
2015,Wayne,19185,158.0
2016,Wayne,19185,174.5
2018,Wayne,19185,171.6
2019,Wayne,19185,151.4
2020,Wayne,19185,168.8
2021,Wayne,19185,177.0
2022,Wayne,19185,170.1
2024,Wayne,19185,194.8
2000,Webster,19187,159.8
2001,Webster,19187,154.3
2002,Webster,19187,181.6
2003,Webster,19187,174.5
2004,Webster,19187,192.3
2005,Webster,19187,190.1
2006,Webster,19187,173.3
2007,Webster,19187,182.6
2008,Webster,19187,167.0
2009,Webster,19187,177.3
2010,Webster,19187,168.4
2011,Webster,19187,190.6
2012,Webster,19187,149.2
2013,Webster,19187,137.6
2014,Webster,19187,190.0
2015,Webster,19187,201.0
2016,Webster,19187,200.8
2017,Webster,19187,197.9
2018,Webster,19187,188.1
2019,Webster,19187,202.9
2020,Webster,19187,173.1
2021,Webster,19187,216.2
2022,Webster,19187,201.5
2023,Webster,19187,212.8
2024,Webster,19187,211.6
2025,Webster,19187,211.9
2000,Winnebago,19189,150.7
2001,Winnebago,19189,132.0
2002,Winnebago,19189,164.7
2003,Winnebago,19189,162.1
2004,Winnebago,19189,178.8
2005,Winnebago,19189,189.6
2006,Winnebago,19189,173.9
2007,Winnebago,19189,186.1
2008,Winnebago,19189,177.0
2009,Winnebago,19189,180.4
2010,Winnebago,19189,184.1
2011,Winnebago,19189,176.6
2012,Winnebago,19189,161.1
2013,Winnebago,19189,149.1
2014,Winnebago,19189,172.7
2015,Winnebago,19189,203.6
2016,Winnebago,19189,197.9
2017,Winnebago,19189,210.7
2018,Winnebago,19189,180.8
2019,Winnebago,19189,198.8
2020,Winnebago,19189,207.1
2021,Winnebago,19189,197.6
2022,Winnebago,19189,217.5
2023,Winnebago,19189,211.3
2024,Winnebago,19189,182.6
2025,Winnebago,19189,205.4
2000,Winneshiek,19191,147.9
2001,Winneshiek,19191,132.1
2002,Winneshiek,19191,166.9
2003,Winneshiek,19191,146.7
2004,Winneshiek,19191,169.9
2005,Winneshiek,19191,186.4
2006,Winneshiek,19191,171.9
2007,Winneshiek,19191,174.0
2008,Winneshiek,19191,171.0
2009,Winneshiek,19191,171.3
2010,Winneshiek,19191,190.5
2011,Winneshiek,19191,186.2
2012,Winneshiek,19191,140.6
2013,Winneshiek,19191,181.8
2014,Winneshiek,19191,174.0
2015,Winneshiek,19191,185.6
2016,Winneshiek,19191,210.7
2017,Winneshiek,19191,199.7
2018,Winneshiek,19191,198.1
2019,Winneshiek,19191,200.4
2020,Winneshiek,19191,178.2
2021,Winneshiek,19191,199.3
2022,Winneshiek,19191,212.4
2023,Winneshiek,19191,195.3
2024,Winneshiek,19191,212.1
2025,Winneshiek,19191,215.1
2000,Woodbury,19193,116.7
2001,Woodbury,19193,132.9
2002,Woodbury,19193,149.4
2003,Woodbury,19193,153.4
2004,Woodbury,19193,166.1
2005,Woodbury,19193,172.2
2006,Woodbury,19193,129.4
2007,Woodbury,19193,153.6
2008,Woodbury,19193,185.0
2009,Woodbury,19193,186.3
2010,Woodbury,19193,164.3
2011,Woodbury,19193,173.3
2012,Woodbury,19193,134.8
2013,Woodbury,19193,164.2
2014,Woodbury,19193,177.5
2015,Woodbury,19193,202.3
2016,Woodbury,19193,203.7
2017,Woodbury,19193,200.5
2018,Woodbury,19193,219.3
2019,Woodbury,19193,218.2
2020,Woodbury,19193,191.0
2021,Woodbury,19193,206.7
2022,Woodbury,19193,200.2
2023,Woodbury,19193,168.3
2024,Woodbury,19193,206.4
2025,Woodbury,19193,213.7
2000,Worth,19195,145.9
2001,Worth,19195,132.8
2002,Worth,19195,167.1
2003,Worth,19195,157.4
2004,Worth,19195,170.2
2005,Worth,19195,187.9
2006,Worth,19195,172.5
2007,Worth,19195,174.8
2008,Worth,19195,171.0
2009,Worth,19195,180.9
2010,Worth,19195,193.2
2011,Worth,19195,173.0
2012,Worth,19195,143.1
2013,Worth,19195,150.7
2014,Worth,19195,181.5
2015,Worth,19195,202.1
2016,Worth,19195,191.5
2017,Worth,19195,198.5
2018,Worth,19195,180.0
2019,Worth,19195,196.5
2020,Worth,19195,205.7
2021,Worth,19195,207.4
2022,Worth,19195,219.4
2023,Worth,19195,187.6
2024,Worth,19195,198.6
2025,Worth,19195,201.1
2000,Wright,19197,155.2
2001,Wright,19197,145.8
2002,Wright,19197,172.5
2003,Wright,19197,165.6
2004,Wright,19197,186.5
2005,Wright,19197,183.0
2006,Wright,19197,181.5
2007,Wright,19197,182.4
2008,Wright,19197,164.0
2009,Wright,19197,179.0
2010,Wright,19197,150.0
2011,Wright,19197,189.9
2012,Wright,19197,153.7
2013,Wright,19197,168.8
2014,Wright,19197,169.4
2015,Wright,19197,198.4
2016,Wright,19197,200.2
2017,Wright,19197,206.9
2018,Wright,19197,180.5
2019,Wright,19197,197.0
2020,Wright,19197,186.0
2021,Wright,19197,192.2
2022,Wright,19197,209.7
2023,Wright,19197,202.5
2025,Wright,19197,190.2
